date,open,high,close,low,volume,price_change,p_change,ma5,ma10,ma20,v_ma5,v_ma10,v_ma20,turnover
2018-03-30 15:00:00,60.84,60.85,60.83,60.8,6458.28,-0.01,-0.02,60.828,60.811,60.7425,7712.22,6210.34,5490.55,0.05
2018-03-30 14:55:00,60.83,60.91,60.85,60.81,12115.0,0.02,0.03,60.814,60.791,60.757,7122.7,6129.51,5385.24,0.1
2018-03-30 14:50:00,60.83,60.99,60.84,60.82,8693.68,0.01,0.02,60.822,60.756,60.7795,6596.09,5252.41,5249.34,0.07
2018-03-30 14:45:00,60.81,60.83,60.81,60.74,6930.8,0.0,0.0,60.792,60.733,60.7925,5644.15,4728.84,5147.67,0.06
2018-03-30 14:40:00,60.78,60.84,60.81,60.76,4363.32,0.03,0.05,60.782,60.715,60.8055,4829.05,4344.56,5170.63,0.04
2018-03-30 14:35:00,60.9,60.9,60.76,60.76,3510.72,-0.14,-0.23,60.794,60.693,60.814,4708.47,4764.54,5184.97,0.03
2018-03-30 14:30:00,60.69,61.0,60.89,60.61,9481.92,0.2,0.33,60.768,60.682,60.821,5136.31,4814.66,5296.43,0.08
2018-03-30 14:25:00,60.76,60.77,60.69,60.69,3934.0,-0.07,-0.12,60.69,60.659,60.8275,3908.73,4299.56,5529.15,0.03
2018-03-30 14:20:00,60.87,60.87,60.76,60.68,2855.28,-0.11,-0.18,60.674,60.659,60.8545,3813.53,4413.27,6750.88,0.02
2018-03-30 14:15:00,60.65,60.87,60.87,60.65,3760.44,0.22,0.36,60.648,60.671,60.8445,3860.07,4580.94,8285.09,0.03
2018-03-30 14:10:00,60.49,60.63,60.63,60.4,5649.92,0.14,0.23,60.592,60.674,60.82,4820.6,4770.76,8897.08,0.05
2018-03-30 14:05:00,60.61,60.62,60.5,60.5,3344.0,-0.11,-0.18,60.596,60.723,60.789,4493.02,4640.98,8844.88,0.03
2018-03-30 14:00:00,60.63,60.63,60.61,60.52,3458.0,-0.02,-0.03,60.628,60.803,60.766,4690.4,5246.28,8870.28,0.03
2018-03-30 13:55:00,60.59,60.69,60.63,60.59,3088.0,0.04,0.07,60.644,60.852,60.7355,5013.02,5566.51,8857.73,0.03
2018-03-30 13:50:00,60.66,60.66,60.59,60.49,8563.08,-0.07,-0.12,60.694,60.896,60.706,5301.82,5996.71,8880.67,0.07
2018-03-30 13:45:00,60.66,60.71,60.65,60.63,4012.0,-0.01,-0.02,60.756,60.935,60.6715,4720.92,5605.4,8645.62,0.03
2018-03-30 13:40:00,60.69,60.85,60.66,60.65,4330.92,-0.03,-0.05,60.85,60.96,60.6415,4788.94,5778.2,8833.77,0.04
2018-03-30 13:35:00,60.93,60.96,60.69,60.69,5071.08,-0.24,-0.39,60.978,60.996,60.623,5802.15,6758.73,9088.22,0.04
2018-03-30 13:30:00,60.9,61.0,60.88,60.85,4532.0,-0.02,-0.03,61.06,61.05,60.59,6120.0,9088.49,9258.22,0.04
2018-03-30 13:25:00,61.11,61.12,60.9,60.84,5658.6,-0.21,-0.34,61.098,61.018,60.54,6691.6,11989.2,9282.57,0.05
2018-03-30 13:20:00,61.29,61.29,61.12,61.11,4352.08,-0.17,-0.28,61.114,60.966,60.494,6489.88,13023.4,9326.32,0.04
2018-03-30 13:15:00,61.09,61.31,61.3,61.05,9397.0,0.21,0.34,61.07,60.855,60.4355,6767.46,13048.8,9380.04,0.08
2018-03-30 13:10:00,61.07,61.25,61.1,61.07,6660.32,0.03,0.05,61.014,60.729,60.366,7715.3,12494.3,9242.15,0.06
2018-03-30 13:05:00,61.0,61.19,61.07,61.0,7390.0,0.07,0.11,61.04,60.619,60.3125,12057.0,12148.9,13380.6,0.06
2018-03-30 11:30:00,60.89,60.98,60.98,60.78,4650.0,0.09,0.15,60.938,60.516,60.21,17286.9,11764.6,13268.0,0.04
2018-03-30 11:25:00,61.09,61.09,60.9,60.9,5740.0,-0.19,-0.31,60.818,60.408,60.112,19556.9,11685.8,13323.2,0.05
2018-03-30 11:20:00,61.25,61.27,61.02,60.95,14136.2,-0.23,-0.38,60.64,60.323,60.0285,19330.1,11889.3,13322.9,0.12
2018-03-30 11:15:00,60.56,61.23,61.23,60.54,28368.7,0.67,1.11,60.444,60.25,59.9415,17273.2,11417.7,12923.0,0.24
2018-03-30 11:10:00,60.39,60.77,60.56,60.38,33539.5,0.17,0.28,60.198,60.13,59.8485,12240.9,9427.95,11731.0,0.28
2018-03-30 11:05:00,60.0,60.48,60.38,60.0,16000.2,0.38,0.63,60.094,60.062,59.784,6242.38,6575.9,10223.7,0.13
2018-03-30 11:00:00,60.04,60.07,60.01,59.99,4606.0,-0.03,-0.05,59.998,60.022,59.724,3814.74,5629.24,9624.1,0.04
2018-03-30 10:55:00,59.98,60.04,60.04,59.97,3851.83,0.06,0.1,60.006,60.016,59.675,4448.54,5711.28,9506.75,0.03
2018-03-30 10:50:00,60.03,60.03,60.0,59.9,3207.0,-0.03,-0.05,60.056,60.003,59.628,5562.18,5990.02,9444.96,0.03
2018-03-30 10:45:00,59.9,60.04,60.04,59.89,3546.88,0.14,0.23,60.062,60.006,59.588,6615.0,14612.2,9430.45,0.03
2018-03-30 10:40:00,60.05,60.08,59.9,59.9,3862.0,-0.15,-0.25,60.03,59.904,59.526,6909.43,14771.3,9412.22,0.03
2018-03-30 10:35:00,60.28,60.28,60.05,59.99,7775.0,-0.23,-0.38,60.046,59.816,59.4715,7443.73,14960.6,9387.58,0.06
2018-03-30 10:30:00,60.05,60.29,60.29,60.03,9420.0,0.24,0.4,60.026,59.734,59.414,6974.03,14756.4,9120.03,0.08
2018-03-30 10:25:00,59.9,60.16,60.03,59.88,8471.13,0.13,0.22,59.95,59.633,59.351,6417.87,14428.2,8808.67,0.07
2018-03-30 10:20:00,59.98,59.98,59.88,59.85,5019.0,-0.1,-0.17,59.95,59.567,59.3095,22609.4,14034.0,8485.71,0.04
2018-03-30 10:15:00,59.96,59.98,59.98,59.72,6533.53,0.02,0.03,59.778,59.506,59.28,22633.2,13871.5,8364.61,0.05
2018-03-30 10:10:00,59.9,59.95,59.95,59.78,5426.47,0.05,0.08,59.586,59.426,59.242,22477.5,13619.0,8156.54,0.05
2018-03-30 10:05:00,60.03,60.03,59.91,59.86,6639.23,-0.12,-0.2,59.442,59.334,59.218,22538.8,13302.2,8161.01,0.06
2018-03-30 10:00:00,60.14,60.24,60.03,60.02,89428.9,-0.11,-0.18,59.316,59.253,59.1925,22438.5,12899.9,8034.05,0.75
2018-03-29 15:00:00,59.02,59.02,59.02,58.97,5138.0,0.0,0.0,59.184,59.17,59.1465,5458.6,4248.69,3709.94,0.04
2018-03-29 14:55:00,59.23,59.24,59.02,59.02,5755.14,-0.21,-0.35,59.234,59.148,59.1605,5109.79,4053.11,3704.17,0.05
2018-03-29 14:50:00,59.35,59.35,59.23,59.17,5732.48,-0.12,-0.2,59.266,59.127,59.1605,4760.36,3814.51,3580.24,0.05
2018-03-29 14:45:00,59.35,59.48,59.28,59.28,6138.2,-0.07,-0.12,59.226,59.094,59.138,4065.67,3483.66,3370.86,0.05
2018-03-29 14:40:00,59.26,59.37,59.37,59.23,4529.18,0.11,0.19,59.19,59.069,59.1085,3361.23,3189.13,3229.93,0.04
2018-03-29 14:35:00,59.17,59.27,59.27,59.03,3393.96,0.1,0.17,59.156,59.052,59.055,3038.78,2937.41,3130.49,0.03
2018-03-29 14:30:00,59.03,59.2,59.18,58.98,4008.0,0.15,0.25,59.062,59.054,59.0105,2996.44,2857.71,3073.94,0.03
2018-03-29 14:25:00,59.09,59.11,59.03,59.03,2259.0,-0.06,-0.1,58.988,59.058,58.9765,2868.66,2694.11,2947.23,0.02
2018-03-29 14:20:00,59.18,59.2,59.1,59.06,2616.0,-0.08,-0.14,58.962,59.102,58.946,2901.66,3019.81,2973.18,0.02
2018-03-29 14:15:00,58.8,59.2,59.2,58.8,2916.96,0.4,0.68,58.948,59.132,58.9185,3017.03,3168.21,2991.1,0.02
2018-03-29 14:10:00,58.79,58.8,58.8,58.69,3182.22,0.01,0.02,58.948,59.123,58.8845,2836.04,3171.2,2995.45,0.03
2018-03-29 14:05:00,58.9,58.91,58.81,58.7,3369.12,-0.09,-0.15,59.046,59.173,58.867,2718.99,3355.23,3053.54,0.03
2018-03-29 14:00:00,59.03,59.11,58.9,58.88,2424.0,-0.13,-0.22,59.128,59.194,58.8435,2519.57,3345.96,3624.33,0.02
2018-03-29 13:55:00,59.18,59.18,59.03,58.9,3192.84,-0.15,-0.25,59.242,59.182,58.8185,3137.97,3258.06,3868.83,0.03
2018-03-29 13:50:00,59.3,59.32,59.2,59.19,2012.0,-0.1,-0.17,59.316,59.148,58.7975,3319.38,3270.72,4043.95,0.02
2018-03-29 13:45:00,59.21,59.4,59.29,59.12,2597.0,0.08,0.14,59.298,59.058,58.7775,3506.36,3323.58,4248.35,0.02
2018-03-29 13:40:00,59.48,59.48,59.22,59.22,2372.0,-0.26,-0.44,59.3,58.967,58.738,3991.47,3290.18,4755.41,0.02
2018-03-29 13:35:00,59.52,59.54,59.47,59.39,5516.0,-0.05,-0.08,59.26,58.895,58.7065,4172.36,3200.35,5329.31,0.05
2018-03-29 13:30:00,59.11,59.48,59.4,59.08,4099.92,0.29,0.49,59.122,58.79,58.6955,3378.16,2926.55,5348.84,0.03
2018-03-29 13:25:00,59.29,59.29,59.11,59.02,2946.88,-0.18,-0.3,58.98,58.705,58.7,3222.06,2813.98,5322.2,0.02
2018-03-29 13:20:00,59.05,59.3,59.3,59.05,5022.56,0.25,0.42,58.818,58.646,58.706,3140.79,2819.7,5419.26,0.04
2018-03-29 13:15:00,58.78,59.02,59.02,58.76,3276.44,0.24,0.41,58.634,58.561,58.715,2588.88,2751.84,5454.23,0.03
2018-03-29 13:10:00,58.67,58.79,58.78,58.51,1545.0,0.11,0.19,58.53,58.493,58.74,2228.34,3902.7,5648.06,0.01
2018-03-29 13:05:00,58.32,58.69,58.69,58.31,3319.44,0.37,0.63,58.458,58.455,58.772,2474.94,4479.6,5898.37,0.03
2018-03-29 11:30:00,58.37,58.42,58.3,58.28,2540.52,-0.07,-0.12,58.43,58.447,58.8055,2405.9,4817.17,6230.05,0.02
2018-03-29 11:25:00,58.54,58.54,58.38,58.37,2263.0,-0.16,-0.27,58.474,58.497,58.849,2498.6,5173.13,6756.12,0.02
2018-03-29 11:20:00,58.43,58.55,58.5,58.42,1473.72,0.07,0.12,58.488,58.509,58.913,2914.8,6220.64,7189.84,0.01
2018-03-29 11:15:00,58.6,58.74,58.42,58.42,2778.04,-0.18,-0.31,58.456,58.518,58.971,5577.06,7458.26,7838.08,0.02
2018-03-29 11:10:00,58.52,58.58,58.55,58.41,2974.24,0.03,0.05,58.452,58.601,59.066,6484.25,7771.14,10103.6,0.02
2018-03-29 11:05:00,58.46,58.67,58.52,58.46,3004.0,0.06,0.1,58.464,58.695,59.088,7228.44,7830.42,10113.2,0.03
2018-03-29 11:00:00,58.26,58.45,58.45,58.23,4344.0,0.19,0.33,58.52,58.766,59.111,7847.65,8018.82,10318.8,0.04
2018-03-29 10:55:00,58.39,58.42,58.34,57.99,14785.0,-0.05,-0.09,58.53,58.869,59.1395,9526.47,8156.62,10414.7,0.12
2018-03-29 10:50:00,58.61,58.78,58.4,58.38,7314.0,-0.21,-0.36,58.58,58.987,59.174,9339.47,7393.42,9956.46,0.06
2018-03-29 10:45:00,58.84,58.89,58.61,58.57,6695.2,-0.23,-0.39,58.75,59.089,59.2085,9058.02,7317.15,9793.76,0.06
2018-03-29 10:40:00,58.52,58.87,58.8,58.45,6100.07,0.28,0.48,58.926,59.164,59.246,8432.41,7642.92,9811.99,0.05
2018-03-29 10:35:00,58.57,58.85,58.5,58.39,12738.1,-0.07,-0.12,59.012,59.201,59.2635,8189.99,8339.1,9698.39,0.11
2018-03-29 10:30:00,59.16,59.2,58.59,58.51,13850.0,-0.57,-0.96,59.208,59.317,59.2895,6786.77,8159.04,9241.54,0.12
2018-03-29 10:25:00,59.5,59.51,59.25,59.07,5906.75,-0.25,-0.42,59.394,59.424,59.31,5447.36,8217.89,8703.99,0.05
2018-03-29 10:20:00,59.21,59.49,59.49,59.21,3567.12,0.28,0.47,59.428,59.531,59.3005,5576.28,12436.1,8552.25,0.03
2018-03-29 10:15:00,59.46,59.51,59.23,59.23,4888.0,-0.23,-0.39,59.402,59.481,59.283,6853.43,12395.9,8463.99,0.04
2018-03-29 10:10:00,59.56,59.7,59.48,59.46,5722.0,-0.08,-0.13,59.39,59.456,59.278,8488.21,12618.8,8364.34,0.05
2018-03-29 10:05:00,59.42,59.7,59.52,59.21,7152.95,0.1,0.17,59.426,59.41,59.27,9531.31,12672.8,8341.59,0.06
2018-03-29 10:00:00,59.37,59.58,59.42,59.29,6551.34,0.05,0.08,59.454,59.361,59.2525,10988.4,12519.5,8105.0,0.05
2018-03-29 09:55:00,59.2,59.38,59.36,59.0,9952.88,0.16,0.27,59.634,59.328,59.237,19296.0,12270.4,8018.48,0.08
2018-03-29 09:50:00,59.62,59.62,59.17,59.12,13061.9,-0.45,-0.75,59.56,59.328,59.2185,17938.4,11981.1,7725.42,0.11
2018-03-29 09:45:00,59.65,59.93,59.66,59.58,10937.5,0.01,0.02,59.522,59.326,59.1975,16749.4,11057.7,7297.83,0.09
2018-03-29 09:40:00,60.32,60.32,59.66,59.66,14438.5,-0.66,-1.09,59.394,59.262,59.166,15814.3,10324.0,6840.19,0.12
2018-03-29 09:35:00,60.3,60.41,60.32,59.77,48089.1,0.02,0.03,59.268,59.196,59.1285,14050.6,9190.08,6208.72,0.4
2018-03-28 15:00:00,59.0,59.0,58.99,58.98,3164.86,-0.01,-0.02,59.022,59.07,59.065,5244.77,4668.37,3916.91,0.03
2018-03-28 14:55:00,59.04,59.1,58.98,58.98,7117.0,-0.06,-0.1,59.096,59.085,59.061,6023.73,4532.09,3854.42,0.06
2018-03-28 14:50:00,59.03,59.1,59.02,58.98,6262.0,-0.01,-0.02,59.13,59.1,59.059,5365.97,4109.89,3586.02,0.05
2018-03-28 14:45:00,59.0,59.11,59.03,58.99,5620.0,0.03,0.05,59.13,59.13,59.0555,4833.77,4010.39,3398.57,0.05
2018-03-28 14:40:00,59.34,59.4,59.09,59.06,4060.0,-0.25,-0.42,59.124,59.144,59.0525,4329.57,3690.49,3287.72,0.03
2018-03-28 14:35:00,59.12,59.48,59.36,59.02,7059.66,0.24,0.41,59.118,59.146,59.04,4091.97,3766.59,3479.17,0.06
2018-03-28 14:30:00,59.02,59.18,59.15,59.02,3828.2,0.13,0.22,59.074,59.109,59.017,3040.44,3469.79,3325.74,0.03
2018-03-28 14:25:00,59.04,59.05,59.02,58.9,3601.0,-0.02,-0.03,59.07,59.069,59.0125,2853.8,3537.97,3264.88,0.03
2018-03-28 14:20:00,59.05,59.05,59.0,58.97,3099.0,-0.05,-0.08,59.13,59.07,59.011,3187.0,3356.36,3244.0,0.03
2018-03-28 14:15:00,59.14,59.15,59.06,58.97,2872.0,-0.08,-0.14,59.164,59.061,59.018,3051.4,3227.36,3353.92,0.02
2018-03-28 14:10:00,59.1,59.15,59.14,59.08,1802.0,0.04,0.07,59.174,59.06,59.0165,3441.2,3165.46,3367.82,0.02
2018-03-28 14:05:00,59.31,59.33,59.13,59.1,2895.0,-0.18,-0.3,59.144,59.037,59.017,3899.14,3176.76,3464.77,0.02
2018-03-28 14:00:00,59.18,59.38,59.32,59.18,5267.0,0.14,0.24,59.068,59.018,59.0085,4222.14,3062.16,3511.07,0.04
2018-03-28 13:55:00,59.1,59.17,59.17,59.0,2421.0,0.07,0.12,59.01,58.981,59.002,3525.71,2786.76,3346.57,0.02
2018-03-28 13:50:00,58.95,59.18,59.11,58.89,4821.0,0.16,0.27,58.958,58.961,59.0035,3403.31,2884.96,3362.37,0.04
2018-03-28 13:45:00,58.74,59.0,58.99,58.73,4091.7,0.25,0.43,58.946,58.934,59.0145,2889.71,3191.76,3334.62,0.03
2018-03-28 13:40:00,59.01,59.03,58.75,58.75,4510.0,-0.26,-0.44,58.93,58.925,59.0205,2454.37,3181.69,3418.52,0.04
2018-03-28 13:35:00,58.93,59.09,59.03,58.91,1784.86,0.1,0.17,58.968,58.956,59.0325,1902.17,2991.79,3448.6,0.02
2018-03-28 13:30:00,59.05,59.07,58.91,58.91,1809.0,-0.14,-0.24,58.952,58.952,59.0315,2047.8,3131.64,3737.54,0.02
2018-03-28 13:25:00,58.91,59.19,59.05,58.91,2253.0,0.14,0.24,58.964,58.975,59.04,2366.6,3480.49,4120.74,0.02
2018-03-28 13:20:00,58.94,58.99,58.91,58.88,1915.0,-0.03,-0.05,58.922,58.973,59.0375,3493.81,3570.18,4619.52,0.02
2018-03-28 13:15:00,58.95,59.05,58.94,58.94,1749.0,-0.01,-0.02,58.92,58.997,59.066,3909.01,3752.78,4881.85,0.01
2018-03-28 13:10:00,58.97,58.97,58.95,58.8,2513.0,-0.02,-0.03,58.944,58.999,59.098,4081.41,3959.98,5121.06,0.02
2018-03-28 13:05:00,58.84,59.05,58.97,58.8,3403.0,0.13,0.22,58.952,59.023,59.1395,4215.48,3906.38,5406.1,0.03
2018-03-28 11:30:00,58.89,58.94,58.84,58.77,7889.04,-0.05,-0.08,58.986,59.046,59.1745,4594.38,3839.78,5679.07,0.07
2018-03-28 11:25:00,59.1,59.1,58.9,58.9,3991.0,-0.2,-0.34,59.024,59.095,59.206,3646.56,3477.48,5729.14,0.03
2018-03-28 11:20:00,58.99,59.13,59.06,58.97,2611.0,0.07,0.12,59.074,59.116,59.2255,3596.56,3655.36,6048.12,0.02
2018-03-28 11:15:00,59.13,59.21,58.99,58.95,3183.36,-0.14,-0.24,59.054,59.109,59.23,3838.56,3905.42,6793.42,0.03
2018-03-28 11:10:00,58.97,59.22,59.14,58.92,5297.5,0.17,0.29,59.094,59.111,59.2455,3597.29,4343.44,8315.83,0.04
2018-03-28 11:05:00,59.12,59.12,59.03,58.94,3149.93,-0.09,-0.15,59.106,59.105,59.2895,3085.19,4760.99,8311.71,0.03
2018-03-28 11:00:00,58.99,59.18,59.15,58.95,3741.0,0.16,0.27,59.166,59.102,59.3405,3308.4,5668.86,8957.2,0.03
2018-03-28 10:55:00,59.17,59.19,58.96,58.92,3821.0,-0.21,-0.35,59.158,59.135,59.379,3714.16,6010.92,9727.1,0.03
2018-03-28 10:50:00,59.2,59.2,59.19,59.05,1977.0,-0.01,-0.02,59.164,59.197,59.431,3972.28,6282.13,10136.0,0.02
2018-03-28 10:45:00,59.33,59.33,59.2,59.05,2737.0,-0.13,-0.22,59.128,59.256,59.459,5089.6,6905.82,10420.5,0.02
2018-03-28 10:40:00,59.14,59.4,59.33,59.14,4266.0,0.19,0.32,59.104,59.303,59.4695,6436.8,7518.36,10548.4,0.04
2018-03-28 10:35:00,58.97,59.35,59.11,58.9,5769.8,0.14,0.24,59.038,59.317,59.478,8029.32,7980.79,10587.9,0.05
2018-03-28 10:30:00,59.0,59.19,58.99,58.97,5111.6,-0.01,-0.02,59.112,59.335,59.487,8307.69,8440.88,10656.1,0.04
2018-03-28 10:25:00,59.07,59.08,59.01,58.94,7563.6,-0.06,-0.1,59.23,59.351,59.498,8591.98,9681.42,10761.1,0.06
2018-03-28 10:20:00,58.99,59.26,59.08,58.88,9473.0,0.09,0.15,59.384,59.38,59.5215,8722.05,12288.2,10662.5,0.08
2018-03-28 10:15:00,59.45,59.5,59.0,59.0,12228.6,-0.45,-0.76,59.502,59.474,59.5365,8599.91,11862.4,10479.1,0.1
2018-03-28 10:10:00,59.57,59.57,59.48,59.29,7161.65,-0.09,-0.15,59.596,59.579,59.565,7932.27,12245.5,10193.2,0.06
2018-03-28 10:05:00,59.78,59.78,59.58,59.58,6533.07,-0.2,-0.33,59.558,59.623,59.568,8574.08,13443.3,10303.8,0.06
2018-03-28 10:00:00,59.59,59.89,59.78,59.56,8213.93,0.19,0.32,59.472,59.665,59.562,10770.9,13989.8,10632.3,0.07
2018-03-28 09:55:00,59.44,59.68,59.67,59.36,8862.3,0.23,0.39,59.376,59.662,59.5655,15854.4,13935.1,10595.6,0.07
2018-03-28 09:50:00,59.27,59.58,59.47,59.19,8890.39,0.2,0.34,59.446,59.636,59.576,15124.9,13578.5,10486.3,0.08
2018-03-28 09:45:00,59.15,59.5,59.29,59.13,10370.7,0.14,0.24,59.562,59.639,59.6025,16558.8,13195.0,10535.2,0.09
2018-03-28 09:40:00,59.32,59.57,59.15,59.15,17517.0,-0.17,-0.29,59.688,59.639,59.652,18312.5,12871.2,10773.5,0.15
2018-03-28 09:35:00,58.7,59.3,59.3,58.67,33631.6,0.6,1.02,59.858,59.645,59.691,17208.8,11840.8,10799.4,0.28
2018-03-27 15:00:00,60.06,60.07,60.02,60.0,5215.0,-0.04,-0.07,59.948,59.663,59.7245,12015.8,9036.69,9743.77,0.04
2018-03-27 14:55:00,59.91,60.08,60.05,59.91,16059.8,0.14,0.23,59.826,59.599,59.698,12032.0,9095.69,9617.13,0.14
2018-03-27 14:50:00,60.01,60.1,59.92,59.92,19139.0,-0.09,-0.15,59.716,59.551,59.679,9831.27,8140.91,9213.82,0.16
2018-03-27 14:45:00,59.76,60.0,60.0,59.71,11998.7,0.24,0.4,59.59,59.513,59.648,7429.96,7164.31,8421.56,0.1
2018-03-27 14:40:00,59.4,59.79,59.75,59.4,7666.56,0.35,0.59,59.432,59.459,59.615,6472.69,7274.78,7935.62,0.06
2018-03-27 14:35:00,59.49,59.58,59.41,59.4,5296.04,-0.08,-0.13,59.378,59.469,59.5925,6057.58,7256.0,7680.24,0.04
2018-03-27 14:30:00,59.28,59.58,59.5,59.27,5056.04,0.22,0.37,59.372,59.516,59.585,6159.37,7394.13,7612.38,0.04
2018-03-27 14:25:00,59.2,59.29,59.29,59.11,7132.48,0.09,0.15,59.386,59.566,59.575,6450.56,7875.42,7611.38,0.06
2018-03-27 14:20:00,59.49,59.49,59.21,59.21,7212.32,-0.28,-0.47,59.436,59.665,59.5795,6898.66,8675.85,7523.8,0.06
2018-03-27 14:15:00,59.36,59.49,59.48,59.35,5591.0,0.12,0.2,59.486,59.737,59.6035,8076.88,9758.0,7735.87,0.05
2018-03-27 14:10:00,59.6,59.65,59.38,59.38,5805.0,-0.22,-0.37,59.56,59.786,59.6115,8454.42,10450.9,8074.05,0.05
2018-03-27 14:05:00,59.55,59.75,59.57,59.55,6512.0,0.02,0.03,59.66,59.797,59.6135,8628.89,10138.6,8103.96,0.06
2018-03-27 14:00:00,59.45,59.54,59.54,59.33,9373.0,0.09,0.15,59.746,59.807,59.597,9300.29,10286.7,8256.14,0.08
2018-03-27 13:55:00,59.83,59.83,59.46,59.36,13103.4,-0.37,-0.62,59.894,59.783,59.58,10453.0,9678.8,8023.84,0.11
2018-03-27 13:50:00,59.91,60.05,59.85,59.85,7478.68,-0.06,-0.1,59.988,59.771,59.5675,11439.1,8596.46,7641.91,0.06
2018-03-27 13:45:00,60.01,60.02,59.88,59.81,6677.36,-0.13,-0.22,60.012,59.716,59.5255,12447.3,8104.49,7536.98,0.06
2018-03-27 13:40:00,60.27,60.28,60.0,59.93,9869.0,-0.27,-0.45,59.934,59.654,59.4865,11648.2,7830.63,7527.21,0.08
2018-03-27 13:35:00,59.95,60.28,60.28,59.85,15136.7,0.33,0.55,59.868,59.584,59.4355,11273.1,7347.33,7358.87,0.13
2018-03-27 13:30:00,59.98,60.0,59.93,59.76,18033.9,-0.05,-0.08,59.672,59.494,59.374,8904.58,6371.75,7097.31,0.15
2018-03-27 13:25:00,59.49,59.97,59.97,59.48,12519.5,0.48,0.81,59.554,59.47,59.3375,5753.78,5713.74,7115.92,0.11
2018-03-27 13:20:00,59.68,59.68,59.49,59.46,2682.14,-0.19,-0.32,59.42,59.437,59.297,3761.68,5697.25,7425.72,0.02
2018-03-27 13:15:00,59.3,59.68,59.67,59.3,7993.48,0.37,0.62,59.374,59.43,59.276,4013.02,6069.34,8086.22,0.07
2018-03-27 13:10:00,59.33,59.35,59.3,59.28,3293.88,-0.03,-0.05,59.3,59.387,59.2205,3421.52,6225.57,8127.89,0.03
2018-03-27 13:05:00,59.3,59.42,59.34,59.3,2279.92,0.04,0.07,59.316,59.377,59.184,3838.92,6368.88,8535.96,0.02
2018-03-27 11:30:00,59.26,59.33,59.3,59.25,2559.0,0.04,0.07,59.386,59.364,59.1525,5673.7,6687.37,9456.16,0.02
2018-03-27 11:25:00,59.29,59.33,59.26,59.24,3938.8,-0.03,-0.05,59.454,59.335,59.1165,7632.82,6969.47,10115.4,0.03
2018-03-27 11:20:00,59.37,59.49,59.3,59.3,5036.0,-0.07,-0.12,59.486,59.319,59.077,8125.67,7223.79,10834.6,0.04
2018-03-27 11:15:00,59.69,59.7,59.38,59.35,5380.88,-0.31,-0.52,59.474,59.287,59.015,9029.62,7370.4,11728.9,0.05
2018-03-27 11:10:00,59.64,59.74,59.69,59.55,11453.8,0.05,0.08,59.438,59.254,58.959,8898.84,7822.86,13668.8,0.1
2018-03-27 11:05:00,59.42,59.64,59.64,59.4,12354.6,0.22,0.37,59.342,59.205,58.829,7701.04,8518.1,13373.2,0.1
2018-03-27 11:00:00,59.24,59.42,59.42,59.1,6403.06,0.18,0.3,59.216,59.157,58.7045,6306.12,9154.18,13949.1,0.05
2018-03-27 10:55:00,59.2,59.44,59.24,59.19,9555.74,0.04,0.07,59.152,59.122,58.5725,6321.91,10103.1,14182.2,0.08
2018-03-27 10:50:00,59.22,59.22,59.2,59.16,4727.0,-0.02,-0.03,59.1,59.054,58.4495,5711.19,10030.2,14070.5,0.04
2018-03-27 10:45:00,59.01,59.24,59.21,59.0,5464.82,0.2,0.34,59.07,58.991,58.314,6746.88,10703.0,14066.7,0.05
2018-03-27 10:40:00,59.1,59.22,59.01,59.0,5380.0,-0.09,-0.15,59.068,58.941,58.1885,9335.16,12224.9,14288.2,0.05
2018-03-27 10:35:00,58.98,59.1,59.1,58.84,6482.0,0.12,0.2,59.098,58.898,58.0565,12002.2,13261.3,14244.5,0.05
2018-03-27 10:30:00,59.06,59.16,58.98,58.98,6502.14,-0.08,-0.14,59.092,58.835,57.9265,13884.3,14445.4,14286.9,0.05
2018-03-27 10:25:00,59.18,59.27,59.05,59.0,9905.46,-0.13,-0.22,59.008,58.743,57.7985,14349.2,16087.5,14193.7,0.08
2018-03-27 10:20:00,59.18,59.46,59.2,59.15,18406.2,0.02,0.03,58.912,58.664,57.6605,14659.2,19514.6,13934.6,0.16
2018-03-27 10:15:00,59.07,59.19,59.16,58.99,18715.4,0.09,0.15,58.814,58.453,57.5085,15114.7,18228.2,13176.7,0.16
2018-03-27 10:10:00,58.56,59.07,59.07,58.49,15892.2,0.51,0.87,58.698,58.252,57.354,14520.5,18744.0,12445.7,0.13
2018-03-27 10:05:00,58.58,58.58,58.56,58.42,8826.97,-0.02,-0.03,58.578,58.023,57.1905,15006.5,18261.3,11861.1,0.07
2018-03-27 10:00:00,58.7,58.74,58.57,58.46,11455.2,-0.13,-0.22,58.478,57.845,57.056,17825.7,18110.8,11601.6,0.1
2018-03-27 09:55:00,58.64,58.89,58.71,58.62,20683.9,0.07,0.12,58.416,57.637,56.929,24370.1,17430.3,11125.5,0.17
2018-03-27 09:50:00,58.45,58.58,58.58,58.4,15744.0,0.13,0.22,58.092,57.436,56.793,21341.7,16351.4,10276.3,0.13
2018-03-27 09:45:00,58.06,58.5,58.47,57.95,18322.2,0.41,0.71,57.806,57.215,56.669,22967.5,15227.7,9626.34,0.15
2018-03-27 09:40:00,58.29,58.36,58.06,57.94,22923.0,-0.23,-0.39,57.468,57.018,56.55,21516.1,14128.4,8802.58,0.19
2018-03-27 09:35:00,57.88,58.39,58.26,57.88,44177.4,0.38,0.66,57.212,56.854,56.4575,18396.0,12300.0,7820.63,0.37
2018-03-26 15:00:00,57.1,57.13,57.09,57.09,5542.0,-0.01,-0.02,56.858,56.657,56.3455,10490.5,8354.57,5704.83,0.05
2018-03-26 14:55:00,56.78,57.15,57.15,56.73,23872.7,0.37,0.65,56.78,56.564,56.297,11361.0,8125.17,5619.84,0.2
2018-03-26 14:50:00,56.77,56.8,56.78,56.66,11065.4,0.01,0.02,56.624,56.456,56.2275,7487.9,6147.4,4589.35,0.09
2018-03-26 14:45:00,56.48,56.78,56.78,56.45,7322.64,0.3,0.53,56.568,56.358,56.174,6740.62,5460.91,4164.64,0.06
2018-03-26 14:40:00,56.7,56.7,56.49,56.41,4650.0,-0.21,-0.37,56.496,56.267,56.1385,6203.99,5092.46,4084.36,0.04
2018-03-26 14:35:00,56.4,56.78,56.7,56.4,9894.48,0.3,0.53,56.456,56.221,56.107,6218.59,4820.76,4046.55,0.08
2018-03-26 14:30:00,56.51,56.53,56.37,56.35,4507.0,-0.14,-0.25,56.348,56.15,56.074,4889.3,4201.3,3851.97,0.04
2018-03-26 14:25:00,56.45,56.59,56.5,56.4,7329.0,0.05,0.09,56.288,56.123,56.0485,4806.9,4025.0,4007.9,0.06
2018-03-26 14:20:00,56.3,56.42,56.42,56.25,4639.48,0.12,0.21,56.148,56.082,56.026,4181.19,3476.8,3988.96,0.04
2018-03-26 14:15:00,56.16,56.3,56.29,56.16,4723.0,0.13,0.23,56.038,56.061,56.025,3980.92,3341.25,3991.33,0.04
2018-03-26 14:10:00,56.07,56.16,56.16,56.06,3248.0,0.09,0.16,55.986,56.034,56.047,3422.92,3055.09,4217.21,0.03
2018-03-26 14:05:00,55.81,56.08,56.07,55.8,4095.0,0.26,0.47,55.952,56.03,56.066,3513.3,3114.5,4487.85,0.03
2018-03-26 14:00:00,55.87,55.88,55.8,55.71,4200.48,-0.07,-0.13,55.958,55.999,56.076,3243.1,3031.3,4661.25,0.04
2018-03-26 13:55:00,56.01,56.09,55.87,55.85,3638.12,-0.14,-0.25,56.016,55.99,56.0985,2772.4,2868.38,4861.73,0.03
2018-03-26 13:50:00,55.98,56.05,56.03,55.98,1933.0,0.05,0.09,56.084,56.01,56.124,2701.58,3076.27,5149.67,0.02
2018-03-26 13:45:00,56.09,56.15,55.99,55.93,3699.88,-0.1,-0.18,56.082,55.993,56.1455,2687.26,3272.34,5683.02,0.03
2018-03-26 13:40:00,56.08,56.21,56.1,56.08,2744.0,0.02,0.04,56.108,55.998,56.171,2715.71,3502.65,6247.52,0.02
2018-03-26 13:35:00,56.22,56.25,56.09,56.03,1847.0,-0.13,-0.23,56.04,55.974,56.1985,2819.51,3990.8,6859.22,0.02
2018-03-26 13:30:00,56.02,56.4,56.21,56.02,3284.0,0.19,0.34,55.964,55.97,56.192,2964.36,4501.12,7729.46,0.03
2018-03-26 13:25:00,56.13,56.15,56.02,55.94,1861.4,-0.11,-0.2,55.936,55.989,56.164,3450.97,4641.42,8622.68,0.02
2018-03-26 13:20:00,55.75,56.22,56.12,55.75,3842.16,0.37,0.66,55.904,56.06,56.1235,3857.42,5379.33,9474.85,0.03
2018-03-26 13:15:00,55.71,55.9,55.76,55.7,3263.0,0.05,0.09,55.888,56.102,56.085,4289.59,5861.2,10171.5,0.03
2018-03-26 13:10:00,56.08,56.08,55.71,55.71,2571.24,-0.37,-0.66,55.908,56.153,56.0375,5162.09,6291.2,10441.3,0.02
2018-03-26 13:05:00,55.86,56.3,56.07,55.86,5717.04,0.21,0.38,55.976,56.207,55.997,6037.88,6855.08,10934.2,0.05
2018-03-26 11:30:00,56.06,56.06,55.86,55.8,3893.68,-0.2,-0.36,56.042,56.238,55.9435,5831.87,7223.07,11682.3,0.03
2018-03-26 11:25:00,55.88,56.09,56.04,55.88,6003.0,0.16,0.29,56.216,56.298,55.8865,6901.24,8093.7,12696.6,0.05
2018-03-26 11:20:00,56.1,56.17,55.86,55.84,7625.48,-0.24,-0.43,56.316,56.344,55.8275,7432.81,8992.39,13604.9,0.06
2018-03-26 11:15:00,56.42,56.42,56.05,56.0,6950.2,-0.37,-0.66,56.398,56.423,55.7285,7420.31,9727.65,14463.9,0.06
2018-03-26 11:10:00,56.73,56.74,56.4,56.3,4687.0,-0.33,-0.58,56.438,56.414,55.624,7672.27,10957.8,16066.8,0.04
2018-03-26 11:05:00,56.52,56.84,56.73,56.51,9240.54,0.21,0.37,56.434,56.339,55.516,8614.27,12603.9,16076.8,0.08
2018-03-26 11:00:00,56.3,56.62,56.54,56.28,8660.82,0.24,0.43,56.38,56.187,55.395,9286.16,13570.4,16213.6,0.07
2018-03-26 10:55:00,56.3,56.33,56.27,56.2,7563.0,-0.03,-0.05,56.372,56.068,55.286,10552.0,14481.8,16237.4,0.06
2018-03-26 10:50:00,56.4,56.4,56.25,56.1,8210.0,-0.15,-0.27,56.448,55.922,55.1875,12035.0,14591.5,16326.8,0.07
2018-03-26 10:45:00,56.48,56.65,56.38,56.32,9397.0,-0.1,-0.18,56.39,55.787,55.0695,14243.3,15013.3,16413.3,0.08
2018-03-26 10:40:00,56.46,56.66,56.46,56.25,12600.0,0.0,0.0,56.244,55.649,54.9545,16593.6,16141.6,16240.6,0.11
2018-03-26 10:35:00,56.65,56.86,56.5,56.38,14989.9,-0.15,-0.26,55.994,55.475,54.831,17854.6,17299.6,16084.0,0.13
2018-03-26 10:30:00,55.96,56.65,56.65,55.96,14978.0,0.69,1.23,55.764,55.311,54.706,18411.5,18217.5,15744.9,0.13
2018-03-26 10:25:00,55.63,56.07,55.96,55.61,19251.7,0.33,0.59,55.396,55.034,54.561,17147.9,19200.2,15746.5,0.16
2018-03-26 10:20:00,55.23,55.65,55.65,55.23,21148.5,0.42,0.76,55.184,54.834,54.4485,15783.4,21175.9,15345.6,0.18
2018-03-26 10:15:00,55.39,55.4,55.21,55.0,18904.8,-0.18,-0.32,55.054,54.693,54.365,15689.5,19549.6,14806.3,0.16
2018-03-26 10:10:00,54.8,55.35,55.35,54.78,17774.7,0.55,1.0,54.956,54.603,54.298,16744.6,18856.7,14422.2,0.15
2018-03-26 10:05:00,54.9,54.9,54.81,54.73,8660.0,-0.09,-0.16,54.858,54.504,54.2165,18023.4,17993.0,14526.6,0.07
2018-03-26 10:00:00,55.0,55.11,54.9,54.82,12428.8,-0.1,-0.18,54.672,54.453,54.1865,21252.6,18062.2,15099.0,0.11
2018-03-26 09:55:00,54.75,55.13,55.0,54.68,20679.3,0.25,0.46,54.484,54.352,54.1855,26568.4,17813.3,14880.8,0.17
2018-03-26 09:50:00,54.8,55.2,54.72,54.7,24180.0,-0.08,-0.15,54.332,54.26,54.1785,23409.7,16339.6,14188.1,0.2
2018-03-26 09:45:00,53.99,54.95,54.86,53.99,24168.9,0.87,1.61,54.25,54.187,54.197,20968.9,14868.3,13209.4,0.2
2018-03-26 09:40:00,53.97,53.97,53.88,53.35,24805.8,-0.09,-0.17,54.15,54.101,54.225,17962.5,13272.2,12321.2,0.21
2018-03-26 09:35:00,53.52,54.15,53.96,53.4,39007.9,0.44,0.82,54.234,54.088,54.29,14871.8,12292.8,11403.5,0.33
2018-03-23 15:00:00,54.3,54.3,54.24,54.21,4886.0,-0.06,-0.11,54.22,54.063,54.348,9058.15,9515.28,9922.47,0.04
2018-03-23 14:55:00,54.34,54.38,54.31,54.18,11976.0,-0.03,-0.06,54.188,54.037,54.3835,9269.54,10062.9,10740.9,0.1
2018-03-23 14:50:00,54.29,54.48,54.36,54.29,9137.04,0.07,0.13,54.124,53.993,54.4055,8767.74,9987.66,10918.1,0.08
2018-03-23 14:45:00,53.9,54.43,54.3,53.9,9352.0,0.4,0.74,54.052,53.929,54.4275,8581.95,11060.1,11794.2,0.08
2018-03-23 14:40:00,54.09,54.12,53.89,53.79,9939.72,-0.2,-0.37,53.942,53.92,54.4975,9713.79,12135.8,11781.9,0.08
2018-03-23 14:35:00,53.97,54.08,54.08,53.93,5942.96,0.11,0.2,53.906,54.019,54.597,9972.41,11948.4,11665.3,0.05
2018-03-23 14:30:00,53.99,54.09,53.99,53.97,9467.0,0.0,0.0,53.886,54.097,54.6875,10856.3,12036.5,12364.5,0.08
2018-03-23 14:25:00,53.76,54.0,54.0,53.76,8208.08,0.24,0.45,53.862,54.207,54.802,11207.6,11550.5,12459.3,0.07
2018-03-23 14:20:00,53.69,53.76,53.75,53.36,15011.2,0.06,0.11,53.806,54.349,54.9325,13538.3,11370.2,12216.2,0.13
2018-03-23 14:15:00,53.99,54.01,53.71,53.71,11232.8,-0.28,-0.52,53.898,54.492,55.0795,14557.8,10514.2,11596.9,0.09
2018-03-23 14:10:00,53.88,54.17,53.98,53.87,10362.2,0.1,0.19,54.132,54.633,55.243,13924.3,10329.7,11304.3,0.09
2018-03-23 14:05:00,53.71,54.15,53.87,53.71,11223.6,0.16,0.3,54.308,54.73,55.384,13216.7,11418.8,11012.2,0.09
2018-03-23 14:00:00,54.23,54.4,53.72,53.72,19861.9,-0.51,-0.94,54.552,54.818,55.5255,11893.4,11848.5,10739.7,0.17
2018-03-23 13:55:00,54.87,54.88,54.21,54.08,20108.6,-0.66,-1.2,54.892,54.926,55.671,9201.98,12528.2,10294.8,0.17
2018-03-23 13:50:00,54.89,54.95,54.88,54.72,8065.32,-0.01,-0.02,55.086,55.075,55.7995,6470.56,11427.9,9656.03,0.07
2018-03-23 13:45:00,55.04,55.05,54.86,54.79,6824.0,-0.18,-0.33,55.134,55.175,55.9135,6734.98,11382.2,9511.77,0.06
2018-03-23 13:40:00,55.44,55.47,55.09,55.09,4607.0,-0.35,-0.63,55.152,55.278,56.0205,9620.94,12692.4,9465.92,0.04
2018-03-23 13:35:00,55.19,55.55,55.42,55.19,6405.0,0.23,0.42,55.084,55.397,56.121,11803.6,13368.0,9524.17,0.05
2018-03-23 13:30:00,55.15,55.18,55.18,54.93,6451.48,0.03,0.05,54.96,55.516,56.2165,15854.4,13062.3,9576.19,0.05
2018-03-23 13:25:00,54.98,55.2,55.12,54.94,9387.44,0.14,0.25,55.064,55.667,56.3085,16385.3,12679.7,9557.57,0.08
2018-03-23 13:20:00,54.73,54.95,54.95,54.44,21253.8,0.22,0.4,55.216,55.853,56.405,16029.5,12279.0,9343.39,0.18
2018-03-23 13:15:00,54.86,55.0,54.75,54.72,15520.1,-0.11,-0.2,55.404,56.038,56.501,15763.9,10605.6,8711.85,0.13
2018-03-23 13:10:00,55.69,55.69,54.8,54.56,26659.2,-0.89,-1.6,55.71,56.233,56.6035,14932.5,9630.85,8563.15,0.23
2018-03-23 13:05:00,55.8,55.8,55.7,55.7,9106.0,-0.1,-0.18,56.072,56.416,56.709,10270.2,8061.33,7851.37,0.08
2018-03-23 11:30:00,55.87,56.08,55.88,55.85,7608.44,0.01,0.02,56.27,56.524,56.7705,8974.1,7884.13,8189.87,0.06
2018-03-23 11:25:00,56.2,56.25,55.89,55.84,19926.0,-0.31,-0.55,56.49,56.652,56.8165,8528.4,7641.29,8930.32,0.17
2018-03-23 11:20:00,56.6,56.6,56.28,56.26,11363.0,-0.32,-0.57,56.672,56.763,56.846,5447.17,6239.39,9093.36,0.1
2018-03-23 11:15:00,56.67,56.78,56.61,56.61,3347.44,-0.06,-0.11,56.756,56.845,56.838,4329.17,5680.29,10224.4,0.03
2018-03-23 11:10:00,56.94,56.95,56.69,56.68,2625.6,-0.25,-0.44,56.76,56.917,56.796,5852.48,6090.09,13006.4,0.02
2018-03-23 11:05:00,56.79,57.07,56.98,56.79,5379.96,0.19,0.33,56.778,56.95,56.9055,6794.16,6435.44,13122.5,0.05
2018-03-23 11:00:00,56.7,56.8,56.8,56.66,4519.84,0.1,0.18,56.814,56.957,57.003,6754.17,6407.83,13236.7,0.04
2018-03-23 10:55:00,56.64,56.85,56.7,56.64,5773.0,0.06,0.11,56.854,56.964,57.103,7031.6,6818.14,13398.3,0.05
2018-03-23 10:50:00,56.79,56.79,56.63,56.5,10964.0,-0.16,-0.28,56.934,56.974,57.2075,7031.4,7495.45,14026.2,0.09
2018-03-23 10:45:00,57.15,57.15,56.78,56.78,7334.02,-0.37,-0.65,57.074,57.002,57.3215,6327.7,7641.41,13623.9,0.06
2018-03-23 10:40:00,57.01,57.29,57.16,56.95,5180.0,0.15,0.26,57.122,57.017,57.432,6076.71,8495.61,13468.8,0.04
2018-03-23 10:35:00,57.1,57.11,57.0,56.91,5907.0,-0.1,-0.18,57.1,56.981,57.519,6061.49,10219.3,13563.5,0.05
2018-03-23 10:30:00,57.34,57.34,57.1,57.02,5772.0,-0.24,-0.42,57.074,56.929,57.618,6604.67,11947.3,13400.5,0.05
2018-03-23 10:25:00,57.17,57.42,57.33,57.08,7445.46,0.16,0.28,57.014,56.831,57.713,7959.49,14768.5,13360.5,0.06
2018-03-23 10:20:00,57.05,57.06,57.02,56.91,6079.1,-0.03,-0.05,56.93,56.675,57.792,8955.12,19922.7,13253.6,0.05
2018-03-23 10:15:00,56.86,57.1,57.05,56.86,5103.9,0.19,0.33,56.912,56.861,57.8905,10914.5,19809.5,13307.0,0.04
2018-03-23 10:10:00,56.79,57.12,56.87,56.78,8622.88,0.08,0.14,56.862,57.049,57.987,14377.2,20065.6,13447.1,0.07
2018-03-23 10:05:00,56.94,57.17,56.8,56.8,12546.1,-0.14,-0.25,56.784,57.242,58.1,17290.0,19978.4,13293.8,0.11
2018-03-23 10:00:00,56.89,56.91,56.91,56.57,12423.6,0.02,0.04,56.648,57.441,58.228,21577.5,20557.0,12862.2,0.11
2018-03-23 09:55:00,56.88,57.16,56.93,56.81,15876.1,0.05,0.09,56.42,57.641,58.3465,30890.3,19606.5,12407.3,0.13
2018-03-23 09:50:00,56.43,56.97,56.8,56.2,22417.3,0.37,0.66,56.81,57.847,58.477,28704.5,18442.0,11753.9,0.19
2018-03-23 09:45:00,56.16,56.48,56.48,56.12,23187.0,0.32,0.57,57.236,58.057,58.6145,25754.0,16907.6,10776.4,0.2
2018-03-23 09:40:00,55.77,56.4,56.12,55.77,33983.5,0.35,0.63,57.7,58.307,58.7695,22666.7,14853.6,9692.76,0.29
2018-03-23 09:35:00,55.7,55.77,55.77,55.18,58987.5,0.07,0.13,58.234,58.595,58.937,19536.5,11952.5,8083.09,0.5
2018-03-22 15:00:00,58.93,58.93,58.88,58.86,4947.0,-0.05,-0.08,58.862,58.909,59.1285,8322.65,6584.57,5240.06,0.04
2018-03-22 14:55:00,58.8,59.01,58.93,58.79,7665.04,0.13,0.22,58.884,58.92,59.162,8179.53,6804.55,5091.56,0.06
2018-03-22 14:50:00,58.78,58.86,58.8,58.74,7750.6,0.02,0.03,58.878,58.925,59.1935,8061.12,6828.54,4814.54,0.07
2018-03-22 14:45:00,58.91,58.92,58.79,58.6,18332.6,-0.12,-0.2,58.914,58.958,59.2285,7040.4,6609.28,4509.01,0.15
2018-03-22 14:40:00,58.99,59.0,58.91,58.91,2918.0,-0.08,-0.14,58.956,59.015,59.264,4368.48,5167.35,3688.75,0.02
2018-03-22 14:35:00,58.9,59.05,58.99,58.9,4231.4,0.09,0.15,58.956,59.052,59.302,4846.48,5208.11,3771.3,0.04
2018-03-22 14:30:00,58.99,58.99,58.9,58.87,7073.02,-0.09,-0.15,58.956,59.107,59.33,5429.57,5065.77,3834.03,0.06
2018-03-22 14:25:00,58.99,59.01,58.98,58.98,2647.0,-0.01,-0.02,58.972,59.172,59.355,5595.96,4645.17,3607.93,0.02
2018-03-22 14:20:00,58.96,59.0,59.0,58.89,4973.0,0.04,0.07,59.002,59.232,59.3845,6178.16,4531.96,3821.55,0.04
2018-03-22 14:15:00,58.99,59.1,58.91,58.91,5308.0,-0.08,-0.14,59.074,59.279,59.4045,5966.21,4213.66,3790.07,0.04
2018-03-22 14:10:00,58.99,59.08,58.99,58.95,7146.82,0.0,0.0,59.148,59.348,59.4265,5569.74,3895.56,3768.86,0.06
2018-03-22 14:05:00,59.13,59.15,58.98,58.96,7905.0,-0.15,-0.25,59.258,59.404,59.4405,4701.97,3378.57,3576.82,0.07
2018-03-22 14:00:00,59.34,59.36,59.13,59.13,5558.0,-0.21,-0.35,59.372,59.462,59.451,3694.37,2800.53,3397.43,0.05
2018-03-22 13:55:00,59.29,59.36,59.36,59.27,3913.22,0.07,0.12,59.462,59.499,59.4455,2885.75,2408.73,3388.78,0.03
2018-03-22 13:50:00,59.53,59.59,59.28,59.25,3325.64,-0.25,-0.42,59.484,59.513,59.441,2461.1,2210.16,3445.14,0.03
2018-03-22 13:45:00,59.55,59.64,59.54,59.53,2808.0,-0.01,-0.02,59.548,59.552,59.433,2221.38,2334.49,3586.43,0.02
2018-03-22 13:40:00,59.58,59.61,59.55,59.5,2867.0,-0.03,-0.05,59.55,59.553,59.407,2055.18,2602.29,4065.17,0.02
2018-03-22 13:35:00,59.48,59.58,59.58,59.47,1514.88,0.1,0.17,59.552,59.538,59.3895,1906.69,2570.69,4073.37,0.01
2018-03-22 13:30:00,59.61,59.61,59.47,59.47,1790.0,-0.14,-0.23,59.536,59.537,59.3705,1931.71,3111.15,4304.31,0.02
2018-03-22 13:25:00,59.55,59.62,59.6,59.54,2127.0,0.05,0.08,59.542,59.53,59.362,1959.21,3366.48,4408.01,0.02
2018-03-22 13:20:00,59.55,59.58,59.55,59.49,1977.0,0.0,0.0,59.556,59.505,59.3585,2447.6,3642.17,4597.32,0.02
2018-03-22 13:15:00,59.53,59.66,59.56,59.52,2124.56,0.03,0.05,59.556,59.477,59.351,3149.4,3775.07,4712.92,0.02
2018-03-22 13:10:00,59.5,59.51,59.5,59.41,1640.0,0.0,0.0,59.524,59.44,59.343,3234.69,3994.32,4865.3,0.01
2018-03-22 13:05:00,59.67,59.7,59.5,59.49,1927.5,-0.17,-0.28,59.538,59.392,59.349,4290.58,4368.82,5173.99,0.02
2018-03-22 11:30:00,59.55,59.68,59.67,59.54,4568.94,0.12,0.2,59.518,59.369,59.335,4773.74,4680.12,5445.65,0.04
2018-03-22 11:25:00,59.39,59.69,59.55,59.38,5486.0,0.16,0.27,59.454,59.314,59.3065,4836.75,4838.37,5710.2,0.05
2018-03-22 11:20:00,59.55,59.58,59.4,59.35,2551.0,-0.15,-0.25,59.398,59.261,59.301,4400.75,5528.05,6040.25,0.02
2018-03-22 11:15:00,59.4,59.61,59.57,59.38,6919.47,0.17,0.29,59.356,59.241,59.3155,4753.95,5576.06,6655.47,0.06
2018-03-22 11:10:00,59.36,59.49,59.4,59.35,4343.31,0.04,0.07,59.246,59.204,59.2965,4447.06,5497.48,7590.44,0.04
2018-03-22 11:05:00,59.26,59.44,59.35,59.22,4883.96,0.09,0.15,59.22,59.194,59.2755,4586.49,5449.55,8250.08,0.04
2018-03-22 11:00:00,59.19,59.35,59.27,59.13,3306.0,0.08,0.14,59.174,59.212,59.262,4840.0,5552.47,9047.73,0.03
2018-03-22 10:55:00,59.01,59.2,59.19,59.01,4317.03,0.18,0.31,59.124,59.225,59.2575,6655.36,5650.77,10078.0,0.04
2018-03-22 10:50:00,59.25,59.27,59.02,58.9,5385.0,-0.23,-0.39,59.126,59.246,59.2515,6398.17,5736.27,11112.2,0.05
2018-03-22 10:45:00,59.13,59.4,59.27,59.03,5040.45,0.14,0.24,59.162,59.306,59.286,6547.9,5979.16,11707.8,0.04
2018-03-22 10:40:00,59.03,59.16,59.12,59.0,6151.51,0.09,0.15,59.168,59.301,59.3025,6312.61,6211.18,12904.1,0.05
2018-03-22 10:35:00,59.2,59.2,59.02,58.9,12382.8,-0.18,-0.3,59.25,59.299,59.3515,6264.95,6582.03,13036.7,0.1
2018-03-22 10:30:00,59.23,59.33,59.2,59.19,3031.08,-0.03,-0.05,59.326,59.341,59.407,4646.19,6552.45,12985.9,0.03
2018-03-22 10:25:00,59.3,59.34,59.2,59.17,6133.68,-0.1,-0.17,59.366,59.39,59.455,5074.37,7734.88,13900.6,0.05
2018-03-22 10:20:00,59.53,59.55,59.3,59.3,3864.0,-0.23,-0.39,59.45,59.389,59.5125,5410.41,9683.41,14067.9,0.03
2018-03-22 10:15:00,59.4,59.54,59.53,59.29,5913.19,0.13,0.22,59.434,59.357,59.5675,6109.76,11050.6,14766.5,0.05
2018-03-22 10:10:00,59.41,59.53,59.4,59.4,4289.0,-0.01,-0.02,59.348,59.312,59.6265,6899.12,12543.0,14774.6,0.04
2018-03-22 10:05:00,59.62,59.62,59.4,59.3,5172.0,-0.22,-0.37,59.356,59.29,59.697,8458.72,14505.3,15205.9,0.04
2018-03-22 10:00:00,59.29,59.65,59.62,59.23,7813.87,0.33,0.56,59.414,59.257,59.767,10395.4,16488.0,15452.9,0.07
2018-03-22 09:55:00,59.09,59.39,59.22,59.07,7360.72,0.13,0.22,59.328,59.266,59.8325,13956.4,17436.5,15570.0,0.06
2018-03-22 09:50:00,59.44,59.44,59.1,59.1,9860.0,-0.34,-0.57,59.28,59.304,59.923,15991.5,19597.0,15612.6,0.08
2018-03-22 09:45:00,59.69,59.75,59.44,59.44,12087.0,-0.25,-0.42,59.276,59.404,60.023,18186.9,19491.4,15657.7,0.1
2018-03-22 09:40:00,59.24,59.69,59.69,59.21,14855.3,0.45,0.76,59.224,59.473,60.1015,20551.9,19419.4,15794.6,0.13
2018-03-22 09:35:00,59.3,59.47,59.19,58.97,25619.0,-0.11,-0.19,59.1,59.52,60.1785,22580.7,20066.3,15264.5,0.22
2018-03-21 15:00:00,59.06,59.07,58.98,58.96,17536.0,-0.08,-0.14,59.204,59.636,60.281,20916.7,18452.4,14197.4,0.15
2018-03-21 14:55:00,59.18,59.22,59.08,59.07,20837.0,-0.1,-0.17,59.328,59.778,60.397,23202.4,18482.4,13447.7,0.18
2018-03-21 14:50:00,59.21,59.29,59.18,59.11,23912.0,-0.03,-0.05,59.532,59.941,60.512,20795.9,17006.2,12520.1,0.2
2018-03-21 14:45:00,59.74,59.75,59.07,59.01,24999.6,-0.67,-1.12,59.722,60.104,60.621,18287.0,15906.5,11414.4,0.21
2018-03-21 14:40:00,59.56,59.79,59.71,59.55,17298.7,0.15,0.25,59.94,60.277,60.7305,17551.9,14417.8,10267.6,0.15
2018-03-21 14:35:00,60.11,60.11,59.6,59.59,28964.9,-0.51,-0.85,60.068,60.399,60.8075,15988.0,13703.4,9640.33,0.24
2018-03-21 14:30:00,60.11,60.36,60.1,60.1,8804.52,-0.01,-0.02,60.228,60.542,60.89,13762.4,11628.3,8314.38,0.07
2018-03-21 14:25:00,60.12,60.25,60.13,60.07,11367.3,0.01,0.02,60.35,60.642,60.9475,13216.5,11823.9,8110.56,0.1
2018-03-21 14:20:00,60.34,60.34,60.16,60.0,21324.1,-0.18,-0.3,60.486,60.73,61.006,13525.9,12169.7,7657.94,0.18
2018-03-21 14:15:00,60.39,60.52,60.35,60.34,9479.4,-0.04,-0.07,60.614,60.837,61.0635,11283.7,10462.7,6810.69,0.08
2018-03-21 14:10:00,60.72,60.72,60.4,60.28,17836.7,-0.32,-0.53,60.73,60.926,61.1155,11418.8,9942.5,6475.52,0.15
2018-03-21 14:05:00,60.81,60.87,60.71,60.71,6075.0,-0.1,-0.16,60.856,61.016,61.1725,9494.25,8412.93,5672.63,0.05
2018-03-21 14:00:00,60.8,60.81,60.81,60.66,12914.3,0.01,0.02,60.934,61.083,61.2175,10431.4,8033.88,5548.98,0.11
2018-03-21 13:55:00,60.92,61.0,60.8,60.8,10113.0,-0.12,-0.2,60.974,61.138,61.2595,10813.6,6922.29,5073.35,0.09
2018-03-21 13:50:00,61.07,61.07,60.93,60.82,10155.0,-0.14,-0.23,61.06,61.184,61.2975,9641.81,6117.39,4773.15,0.09
2018-03-21 13:45:00,61.1,61.12,61.03,60.96,8213.96,-0.07,-0.11,61.122,61.216,61.3255,8466.2,5577.24,4412.09,0.07
2018-03-21 13:40:00,61.01,61.14,61.1,61.0,10760.5,0.09,0.15,61.176,61.238,61.341,7331.61,5000.44,4276.09,0.09
2018-03-21 13:35:00,61.24,61.31,61.01,61.01,14825.3,-0.23,-0.38,61.232,61.253,61.3495,5636.41,4397.19,3986.59,0.13
2018-03-21 13:30:00,61.24,61.24,61.23,61.2,4254.3,-0.01,-0.02,61.302,61.282,61.3665,3031.03,3146.16,3449.94,0.04
